amount,hour,day_of_week,is_weekend,is_night,amount_log,high_amount,suspicious_time,user_hash
6585.09,0,3,0,1,8.792715128193684,0,1,56
14570.52,5,0,0,1,9.586824217701214,1,1,39
1621.49,4,4,0,1,7.391717285231055,0,1,96
5487.24,1,5,1,1,8.61036290022794,0,1,34
6685.08,14,2,0,0,8.80778303220909,0,0,41
11509.13,5,1,0,1,9.350982796178645,1,1,74
25342.73,8,0,0,0,10.140286641148313,1,0,15
27058.37,3,3,0,1,10.205788619857307,1,1,9
98870.73,4,3,0,1,11.50157863246238,1,1,97
51165.94,13,1,0,0,10.842848899346555,1,0,59
977.23,14,0,0,0,6.885744816209919,0,0,26
3713.98,20,5,1,0,8.220128573557288,0,0,46
4788.0,4,4,0,1,8.47407690034261,0,1,13
2324.38,12,0,0,0,7.7516387455266695,0,0,59
33767.43,8,3,0,0,10.42728162133056,1,0,95
15204.02,8,4,0,0,9.62938091546739,1,0,45
19146.23,23,4,0,1,9.859913336626748,1,0,87
8181.01,4,4,0,1,9.009693120683659,0,1,21
21400.71,20,2,0,0,9.97122610435964,1,0,15
4085.66,10,0,0,0,8.315483289499392,0,0,34
1.0,23,6,1,1,0.6931471805599453,0,0,13
5987.15,17,1,0,0,8.697537795325971,0,0,12
13961.08,7,0,0,0,9.544100362352063,1,0,51
13950.39,17,6,1,0,9.54333442386268,1,0,91
14141.39,8,3,0,0,9.55693194921287,1,0,61
17005.7,0,6,1,1,9.741362663041452,1,1,84
8710.04,23,1,0,1,9.072346465703655,0,0,97
2613.6,7,3,0,0,7.86886640112776,0,0,66
10.0,13,2,0,0,2.3978952727983707,0,0,65
1041.79,7,6,1,0,6.949655092446815,0,0,26
1111.83,11,1,0,0,7.014661599268131,0,0,32
6278.17,9,3,0,0,8.744993085122506,0,0,49
9455.18,0,1,0,1,9.154423774997701,0,1,51
5562.86,13,0,0,0,8.624047390972638,0,0,79
2954.54,11,3,0,0,7.991436654261826,0,0,24
12180.27,0,6,1,1,9.407654805122148,1,1,12
585.16,16,2,0,0,6.373592789851708,0,0,85
2555.14,10,5,1,0,7.846253587080377,0,0,57
14576.7,18,2,0,0,9.58724824277582,1,0,94
1737.32,11,3,0,0,7.46067440855518,0,0,63
12874.5,4,6,1,1,9.463081559729336,1,1,63
10940.32,5,5,1,1,9.300301726832648,1,1,1
5554.21,2,1,0,1,8.622491505139564,0,1,95
726.28,0,5,1,1,6.589311547813603,0,1,56
4261.74,11,3,0,0,8.357667424992043,0,0,42
5372.1,5,3,0,1,8.58916030213203,0,1,18
6939.06,0,1,0,1,8.845065698996619,0,1,13
3227.09,3,2,0,1,8.079645910042062,0,1,73
16531.71,23,5,1,1,9.713096121721282,1,0,21
117470.52,4,4,0,1,11.673951200208126,1,1,30
17620.52,5,0,0,1,9.776876161376771,1,1,60
4613.09,14,4,0,0,8.436869944395218,0,0,29
30439.38,5,5,1,1,10.323525295471947,1,1,35
1142.78,6,6,1,0,7.04209384575394,0,0,79
987.46,0,5,1,1,6.896148176440384,0,1,4
30373.51,1,2,0,1,10.32135904882549,1,1,62
2918.96,2,3,0,1,7.979325196538364,0,1,55
10245.23,22,2,0,0,9.234665112031701,1,0,72
12889.31,19,4,0,0,9.464231145294937,1,0,51
26112.6,3,5,1,1,10.17021153039643,1,1,26
42396.63,20,2,0,0,10.654847743431382,1,0,43
6299.86,4,1,0,1,8.74844141099977,0,1,86
44986.29,12,0,0,0,10.714135284413068,1,0,17
6517.19,3,5,1,1,8.782352009018679,0,1,77
15819.01,17,0,0,0,9.669030873432696,1,0,98
7965.89,6,5,1,0,8.983049482331365,0,0,94
15201.1,1,6,1,1,9.629188855186182,1,1,86
18271.91,6,1,0,0,9.813174914192842,1,0,45
33439.04,10,3,0,0,10.417509263370171,1,0,98
2332.77,10,4,0,0,7.755240264717443,0,0,50
890.57,1,5,1,1,6.792983953570124,0,1,57
14254.8,10,5,1,0,9.564919120431485,1,0,95
6598.19,3,0,0,1,8.794702193210181,0,1,9
11462.31,8,6,1,0,9.346906779280701,1,0,17
21244.59,9,1,0,0,9.96390462340359,1,0,72
18081.69,1,2,0,1,9.802710406064888,1,1,90
25910.36,9,1,0,0,10.162436761564974,1,0,8
12109.18,5,0,0,1,9.401801700185642,1,1,89
58837.85,4,0,0,1,10.982557629996844,1,1,15
8340.57,17,3,0,0,9.029006727036577,0,0,5
8025.39,16,3,0,0,8.99049014172206,0,0,41
19655.26,2,0,0,1,9.88615114162676,1,1,25
100000.0,23,1,0,1,11.51293546492023,1,0,63
10226.18,19,6,1,0,9.232804161120471,1,0,80
8322.63,6,4,0,0,9.026853736741847,0,0,73
19070.55,6,2,0,0,9.855952974788057,1,0,7
4327.25,19,1,0,0,8.372918582259185,0,0,33
30138.35,3,0,0,1,10.31358690592272,1,1,69
17230.89,5,6,1,1,9.754517015903186,1,1,8
1801.29,5,6,1,1,7.496813357517517,0,1,86
5797.88,20,3,0,0,8.665420074439364,0,0,50
9346.1,5,3,0,1,9.142821413745231,0,1,87
14071.41,2,0,0,1,9.551971421865607,1,1,31
5822.66,13,2,0,0,8.669684209051516,0,0,50
19628.5,0,6,1,1,9.884788815728585,1,1,27
36008.17,17,0,0,0,10.491528907224271,1,0,39
8769.49,3,6,1,1,9.079147956097335,0,1,31
2.0,6,5,1,0,1.0986122886681098,0,0,8
3624.7,8,2,0,0,8.19580265209498,0,0,38
13809.47,13,2,0,0,9.533182279133413,1,0,35
5257.35,3,0,0,1,8.567572568308389,0,1,23
1632.45,6,5,1,0,7.398449621451138,0,0,74
4228.24,7,4,0,0,8.349777586867177,0,0,25
32041.31,3,6,1,1,10.374812495961681,1,1,13
41294.56,4,2,0,1,10.628510267116665,1,1,86
1.0,19,6,1,0,0.6931471805599453,0,0,73
4751.14,16,5,1,0,8.466350321887967,0,0,67
15719.61,5,6,1,1,9.662727869301586,1,1,91
2.0,15,4,0,0,1.0986122886681098,0,0,74
41008.99,7,2,0,0,10.62157097454311,1,0,50
4396.9,6,2,0,0,8.388882433248199,0,0,53
4716.58,18,0,0,0,8.459051235233522,0,0,22
1745.19,23,6,1,1,7.46519155063943,0,0,66
5720.33,14,0,0,0,8.651956574828361,0,0,6
17346.12,16,4,0,0,9.761181777360125,1,0,84
8747.78,14,3,0,0,9.076669541059164,0,0,32
4256.02,16,0,0,0,8.356324663961349,0,0,52
12125.13,12,3,0,0,9.403117907339507,1,0,23
5174.49,12,3,0,0,8.551689299641472,0,0,0
12069.7,9,2,0,0,9.398536307438928,1,0,84
1213.76,2,5,1,1,7.10230180539866,0,1,61
19515.49,11,2,0,0,9.879015028224554,1,0,64
1853.62,4,3,0,1,7.525435102304527,0,1,38
17073.79,15,6,1,0,9.745358385681078,1,0,72
6845.0,21,1,0,0,8.831419819090131,0,0,98
4638.44,15,6,1,0,8.442348948281547,0,0,32
2946.69,2,3,0,1,7.988777091741952,0,1,23
1566.39,23,3,0,1,7.357167094606068,0,0,58
3708.23,21,0,0,0,8.218579586890774,0,0,7
19681.98,17,5,1,0,9.887509581907203,1,0,35
5340.6,7,4,0,0,8.58328051254366,0,0,24
3711.86,11,0,0,0,8.219557748106668,0,0,13
10.0,0,1,0,1,2.3978952727983707,0,1,47
6495.9,7,4,0,0,8.779080419042822,0,0,55
2687.83,7,2,0,0,7.896861433742285,0,0,59
2286.25,15,5,1,0,7.735105501559644,0,0,23
6845.17,21,5,1,0,8.831444650800519,0,0,91
7903.96,16,6,1,0,8.975245689542218,0,0,18
955.88,9,3,0,0,6.863677991741209,0,0,14
9242.7,2,6,1,1,9.131697517384305,0,1,42
15328.44,8,0,0,0,9.637530441518269,1,0,45
5216.44,16,6,1,0,8.559762139124812,0,0,7
2753.63,18,4,0,0,7.921038411297374,0,0,9
10.0,16,5,1,0,2.3978952727983707,0,0,95
37269.98,11,2,0,0,10.52597028673453,1,0,28
17444.46,8,2,0,0,9.766834721860217,1,0,32
4312.68,3,4,0,1,8.369546647100023,0,1,76
5917.63,18,2,0,0,8.685860282177643,0,0,26
26856.74,18,4,0,0,10.198309326552154,1,0,26
10497.86,7,5,1,0,9.25902195882274,1,0,91
45130.47,23,4,0,1,10.717335064858709,1,0,79
5607.83,12,5,1,0,8.632097420616152,0,0,36
5776.08,17,1,0,0,8.661653643703385,0,0,51
11843.46,17,5,1,0,9.379615526697625,1,0,45
10800.05,6,4,0,0,9.28739863060876,1,0,12
15899.57,3,6,1,1,9.674110236622365,1,1,69
2305.52,20,5,1,0,7.74349517410704,0,0,84
31465.33,23,4,0,1,10.356673364255704,1,0,4
17103.21,11,3,0,0,9.747079911019203,1,0,85
3861.28,4,4,0,1,8.259012961655033,0,1,16
8658.78,19,4,0,0,9.066444597076746,0,0,38
4344.21,20,2,0,0,8.376829367946987,0,0,53
6139.21,9,1,0,0,8.722614222510712,0,0,79
8257.39,11,4,0,0,9.01898493226234,0,0,9
2.0,12,5,1,0,1.0986122886681098,0,0,62
5765.14,17,0,0,0,8.6597581581672,0,0,38
10040.94,0,1,0,1,9.214525601671404,1,1,87
5.0,10,5,1,0,1.791759469228055,0,0,32
6686.35,3,4,0,1,8.807972961046167,0,1,86
3909.67,17,5,1,0,8.271463993798456,0,0,7
45496.77,21,4,0,0,10.725418592748953,1,0,18
17403.98,6,0,0,0,9.76451165114979,1,0,79
2286.15,9,3,0,0,7.735061779978666,0,0,65
6065.83,16,3,0,0,8.71059150711128,0,0,40
82829.89,16,4,0,0,11.324556338433775,1,0,41
6051.32,13,5,1,0,8.708196948593026,0,0,51
4799.8,4,1,0,1,8.476537849675303,0,1,73
7051.95,23,2,0,1,8.861201248001143,0,0,51
4974.54,3,0,0,1,8.512289186415927,0,1,63
37701.87,4,3,0,1,10.53749149785952,1,1,73
10.0,15,4,0,0,2.3978952727983707,0,0,84
16154.7,14,6,1,0,9.690028207558187,1,0,32
21736.86,7,3,0,0,9.986810719767496,1,0,52
16310.63,20,0,0,0,9.699633629309442,1,0,83
5115.02,15,2,0,0,8.540132071995236,0,0,62
27531.48,6,5,1,0,10.223121677624597,1,0,26
15922.33,1,5,1,1,9.675540608379473,1,1,47
3729.03,18,1,0,0,8.22417155550096,0,0,45
6064.81,11,6,1,0,8.710423365634668,0,0,42
5875.96,15,1,0,0,8.678794900395852,0,0,2
5342.18,18,6,1,0,8.58357626032911,0,0,95
22176.02,10,6,1,0,10.006811896602857,1,0,40
33052.29,5,4,0,1,10.405876386467654,1,1,53
13788.31,21,3,0,0,9.531648933277333,1,0,67
6206.33,14,3,0,0,8.733486130780973,0,0,33
14413.34,7,5,1,0,9.57597882338435,1,0,97
1722.77,2,4,0,1,7.452269031650789,0,1,57
15688.33,10,2,0,0,9.660736142457116,1,0,53
33166.77,5,2,0,1,10.40933390025692,1,1,98
9945.21,11,3,0,0,9.20494685306747,0,0,23
11727.99,3,6,1,1,9.369818833933538,1,1,26
7660.31,0,3,0,1,8.943938266389441,0,1,97
2922.52,23,2,0,1,7.980543648707426,0,0,35
1676.28,9,1,0,0,7.424928712704262,0,0,82
14136.41,9,5,1,0,9.556579754356367,1,0,85
117181.38,7,2,0,0,11.671486803525735,1,0,45
8585.69,4,0,0,1,9.057968608937793,0,1,38
9617.91,20,3,0,0,9.171486231626881,0,0,61
10.0,13,2,0,0,2.3978952727983707,0,0,69
3252.14,8,1,0,0,8.087375962743712,0,0,44
19684.11,8,5,1,0,9.887617791373401,1,0,72
2496.54,9,6,1,0,7.82306152641047,0,0,98
10178.76,0,4,0,1,9.228156714188097,1,1,85
5.0,21,5,1,0,1.791759469228055,0,0,9
78626.22,13,6,1,0,11.272473228898251,1,0,42
3927.01,18,6,1,0,8.275888215295963,0,0,32
3474.27,11,5,1,0,8.153427452822298,0,0,85
9857.62,19,6,1,0,9.196101478369398,0,0,85
10.0,19,3,0,0,2.3978952727983707,0,0,6
16811.77,19,0,0,0,9.729893995694797,1,0,5
9127.72,1,3,0,1,9.11918076660823,0,1,8
5836.33,14,5,1,0,8.672028779497422,0,0,25
6551.38,14,4,0,0,8.787583621409109,0,0,56
3680.26,21,3,0,0,8.211010363864798,0,0,42
7236.15,3,3,0,1,8.886982761471836,0,1,51
22822.49,14,4,0,0,10.03554554774358,1,0,82
14626.41,17,3,0,0,9.590652444849068,1,0,16
3464.95,23,5,1,1,8.150742044320372,0,0,15
7751.99,22,4,0,0,8.955833854394832,0,0,24
4140.98,22,0,0,0,8.328929213358647,0,0,82
4780.43,13,3,0,0,8.472494943925037,0,0,27
14704.46,15,3,0,0,9.59597413237574,1,0,23
35322.13,1,6,1,1,10.472293269138069,1,1,72
3192.86,11,6,1,0,8.068985495628953,0,0,34
3688.85,20,6,1,0,8.213341085801819,0,0,75
49174.52,8,5,1,0,10.803151217680252,1,0,47
6423.39,4,4,0,1,8.767856963621938,0,1,38
8002.88,13,5,1,0,8.987681703087487,0,0,23
10711.39,18,0,0,0,9.279156294475252,1,0,45
31557.24,4,0,0,1,10.359590006611375,1,1,44
8606.48,23,2,0,1,9.06038687165494,0,0,27
25401.41,5,6,1,1,10.14259933039539,1,1,98
20272.86,20,4,0,0,9.91708765052243,1,0,86
2063.26,22,2,0,0,7.632527087660274,0,0,25
5492.22,10,3,0,0,8.611269883514568,0,0,29
43391.46,4,1,0,1,10.678040972276325,1,1,74
10713.59,23,5,1,1,9.279361643059861,1,0,7
11013.45,10,3,0,0,9.306963326078774,1,0,92
5389.85,15,2,0,0,8.592458350913207,0,0,30
2961.55,1,4,0,1,7.993805662938092,0,1,97
11820.41,23,1,0,1,9.377667573185784,1,0,50
18311.5,0,0,0,1,9.815339165759424,1,1,62
9335.96,15,4,0,0,9.141735996443476,0,0,49
4777.68,8,1,0,0,8.471919636721282,0,0,19
15392.84,11,5,1,0,9.641722708380382,1,0,11
20426.26,8,0,0,0,9.924625562321896,1,0,42
42350.02,6,1,0,0,10.653747784796064,1,0,73
17505.1,12,5,1,0,9.77030467060327,1,0,24
2160.44,12,1,0,0,7.6785299452213716,0,0,77
16800.94,1,4,0,1,9.729249634914964,1,1,87
4534.78,5,1,0,1,8.419752343349549,0,1,59
5086.12,19,0,0,0,8.534467134086507,0,0,57
4352.03,22,4,0,0,8.378627433327308,0,0,97
11273.71,21,2,0,0,9.330317443419256,1,0,50
3543.74,19,2,0,0,8.17322009354027,0,0,36
23258.34,0,1,0,1,10.05446205077756,1,1,18
3549.94,7,5,1,0,8.174967636151507,0,0,13
43615.24,0,4,0,1,10.683184837048985,1,1,18
2833.17,23,1,0,1,7.949504404337218,0,0,69
3603.52,0,3,0,1,8.18994389244902,0,1,31
63592.57,15,2,0,0,11.06026764358827,1,0,98
31645.84,12,5,1,0,10.362393580565659,1,0,0
4531.47,18,1,0,0,8.41902232374334,0,0,51
9195.68,22,5,1,0,9.126597828342824,0,0,47
1777.9,17,5,1,0,7.483750474731224,0,0,12
3018.71,0,0,0,1,8.012916079268011,0,1,39
71144.66,16,2,0,0,11.172484603765774,1,0,22
4520.24,18,4,0,0,8.416541571486146,0,0,76
3047.72,16,5,1,0,8.022477109383315,0,0,42
26281.46,6,4,0,0,10.176657075523593,1,0,66
11900.03,18,4,0,0,9.384380229975834,1,0,54
1631.05,23,4,0,1,7.397592172309643,0,0,57
17683.43,1,6,1,1,9.780439870416174,1,1,65
2271.48,0,6,1,1,7.728627025132818,0,1,62
6360.09,7,6,1,0,8.757955025297466,0,0,98
4512.61,5,5,1,1,8.414852555771686,0,1,8
9305.43,16,4,0,0,9.138460838085429,0,0,6
8325.0,0,5,1,1,9.02713842775492,0,1,17
1852.12,21,6,1,0,7.524625984037425,0,0,6
816.92,20,1,0,0,6.7067645323090606,0,0,9
4429.48,7,5,1,0,8.39626320931398,0,0,25
5909.0,6,0,0,0,8.684401110400144,0,0,32
2.0,21,1,0,0,1.0986122886681098,0,0,18
6947.81,15,3,0,0,8.84632570087692,0,0,4
12234.23,21,5,1,0,9.412074774228893,1,0,38
11254.08,12,4,0,0,9.328574861267592,1,0,17
8023.2,18,2,0,0,8.99021725455547,0,0,75
11292.64,7,5,1,0,9.331995014392717,1,0,65
1408.3,3,5,1,1,7.250848406197465,0,1,85
14470.34,16,1,0,0,9.579925420728378,1,0,53
6683.55,16,4,0,0,8.807554172386226,0,0,64
3289.22,9,2,0,0,8.098709710824677,0,0,96
9684.05,14,5,1,0,9.178338738450382,0,0,9
2401.04,8,5,1,0,7.784073655290615,0,0,16
5842.63,9,2,0,0,8.673107458066799,0,0,77
983.54,15,2,0,0,6.892174527015114,0,0,51
22244.34,16,2,0,0,10.009887827456897,1,0,72
7521.63,13,2,0,0,8.925671089843744,0,0,16
1.0,5,1,0,1,0.6931471805599453,0,1,69
10.0,12,5,1,0,2.3978952727983707,0,0,77
3243.81,8,1,0,0,8.084812075806104,0,0,47
2621.38,4,4,0,1,7.871837581358896,0,1,32
1705.6,19,3,0,0,7.442258366102484,0,0,97
79891.76,3,6,1,1,11.288440514382152,1,1,15
30715.11,12,2,0,0,10.33254255163949,1,0,26
49534.04,14,5,1,0,10.810435576916646,1,0,86
16442.64,8,5,1,0,9.707694055294544,1,0,56
1996.4,1,5,1,1,7.5996016138090345,0,1,55
5155.14,14,0,0,0,8.5479435165221,0,0,15
1.0,4,4,0,1,0.6931471805599453,0,1,88
6913.01,18,6,1,0,8.841305066821281,0,0,26
30390.35,12,3,0,0,10.321913307431592,1,0,51
2051.81,15,1,0,0,7.626964865244674,0,0,11
9501.83,16,6,1,0,9.159344927963646,0,0,79
1575.57,5,3,0,1,7.363006880156045,0,1,61
46030.88,6,3,0,0,10.737089478905762,1,0,75
51889.18,22,5,1,0,10.856884841232239,1,0,98
7046.21,19,5,1,0,8.860387072797872,0,0,40
3202.16,4,0,0,1,8.071893101530444,0,1,74
29447.82,10,5,1,0,10.290409120365277,1,0,51
5.0,20,5,1,0,1.791759469228055,0,0,27
13380.37,9,6,1,0,9.501618720069851,1,0,59
13656.12,5,5,1,1,9.522016276342612,1,1,34
1443.59,18,3,0,0,7.275580823261346,0,0,57
648.79,10,0,0,0,6.476649233766013,0,0,19
4629.21,6,0,0,0,8.4403575024232,0,0,24
2915.02,1,5,1,1,7.9779749518155905,0,1,56
10715.17,14,5,1,0,9.279509094667072,1,0,39
14654.38,10,5,1,0,9.592562782525643,1,0,52
7691.13,23,0,0,1,8.947953007241882,0,0,32
7198.76,20,6,1,0,8.881802971115246,0,0,92
2857.67,5,4,0,1,7.9581117606865694,0,1,21
17408.86,9,3,0,0,9.76479199137436,1,0,45
5101.16,19,3,0,0,8.537419258460917,0,0,18
20951.15,22,3,0,0,9.949996545382998,1,0,74
2.0,18,2,0,0,1.0986122886681098,0,0,61
5477.03,6,3,0,0,8.608500826259288,0,0,78
12792.51,4,4,0,1,9.456693290073899,1,1,33
21328.5,3,4,0,1,9.967846370027965,1,1,14
8876.91,6,6,1,0,9.091321447924258,0,0,39
11377.04,10,1,0,0,9.33944046086075,1,0,0
21515.3,3,5,1,1,9.976566066408031,1,1,23
12018.54,19,6,1,0,9.394288937806152,1,0,45
29562.02,5,6,1,1,10.294279534931597,1,1,41
1.0,12,1,0,0,0.6931471805599453,0,0,92
21933.98,3,3,0,1,9.99583790181508,1,1,12
13667.29,1,3,0,1,9.522833830452296,1,1,31
24551.01,9,3,0,0,10.108549003598284,1,0,24
5987.9,15,6,1,0,8.697663034846718,0,0,31
9980.53,10,0,0,0,9.208491664168479,0,0,96
11120.47,15,2,0,0,9.31663275331229,1,0,87
9084.76,6,4,0,0,9.114463631706784,0,0,79
7588.21,16,4,0,0,8.93448278065105,0,0,10
9336.59,4,4,0,1,9.141803467948838,0,1,32
10265.34,12,1,0,0,9.236625861605528,1,0,89
8982.24,15,1,0,0,9.103115898004672,0,0,17
2915.32,1,1,0,1,7.978077826476623,0,1,96
2696.2,8,5,1,0,7.899969476860427,0,0,55
43506.68,7,1,0,0,10.680692753217492,1,0,29
39968.93,17,1,0,0,10.59588270039035,1,0,57
1979.76,5,6,1,1,7.591235888425312,0,1,64
10665.41,5,0,0,1,9.274854830324248,1,1,92
3728.94,6,2,0,0,8.224147426717598,0,0,24
2631.31,19,2,0,0,7.875617066664567,0,0,40
3134.85,16,3,0,0,8.050655548693676,0,0,98
35439.17,5,4,0,1,10.475601201547242,1,1,51
30415.4,22,6,1,0,10.322737215614909,1,0,58
75764.74,1,5,1,1,11.235401490565396,1,1,94
2091.9,19,2,0,0,7.646305942995932,0,0,96
8044.5,12,4,0,0,8.992868207899205,0,0,1
31328.49,22,3,0,0,10.352315105486262,1,0,33
812.91,13,1,0,0,6.701849794779203,0,0,28
49681.71,21,0,0,0,10.813412264233943,1,0,32
16078.38,2,1,0,1,9.685292984775678,1,1,31
7711.27,9,3,0,0,8.950567846050976,0,0,98
18972.33,23,1,0,1,9.85078958785049,1,0,56
4624.58,6,5,1,0,8.439357047489331,0,0,98
3287.13,4,1,0,1,8.098074293107372,0,1,62
55332.91,11,4,0,0,10.921141200303012,1,0,74
15750.79,15,2,0,0,9.664709288589668,1,0,86
13056.58,19,0,0,0,9.477124087038765,1,0,78
6472.62,23,4,0,1,8.775490736439737,0,0,80
8295.1,4,1,0,1,9.023540803838642,0,1,98
656.4,4,3,0,1,6.488292661230119,0,1,32
6491.19,4,2,0,1,8.778355194996113,0,1,1
4557.79,11,1,0,0,8.424812516419466,0,0,25
2753.12,10,6,1,0,7.920853251324075,0,0,37
1972.56,9,6,1,0,7.5875942974783435,0,0,31
2982.78,14,4,0,0,8.00094623206416,0,0,61
35752.8,8,5,1,0,10.484411836179671,1,0,69
9249.8,6,6,1,0,9.132465313253217,0,0,65
4948.81,20,0,0,0,8.507104470987674,0,0,40
11194.69,8,6,1,0,9.323284161791847,1,0,92
55746.74,0,0,0,1,10.928592150384082,1,1,23
11249.69,18,3,0,0,9.328184739085087,1,0,10
5256.49,1,3,0,1,8.567409005530347,0,1,90
11257.02,20,2,0,0,9.328836042536873,1,0,20
15503.29,14,3,0,0,9.648872038805974,1,0,86
3052.33,23,0,0,1,8.023988077296414,0,0,68
17037.49,18,4,0,0,9.74323018143329,1,0,40
10452.33,19,5,1,0,9.254675866918632,1,0,23
9457.48,23,0,0,1,9.154666972603298,0,0,51
5881.49,21,6,1,0,8.679735420642572,0,0,23
52805.65,20,0,0,0,10.874392408733396,1,0,55
31972.43,8,0,0,0,10.37266052438151,1,0,92
3979.47,3,1,0,1,8.289155181758616,0,1,1
6086.34,2,5,1,1,8.713966483677876,0,1,58
3734.59,11,4,0,0,8.22566105028584,0,0,13
23475.04,3,4,0,1,10.063735605544553,1,1,16
7807.13,16,3,0,0,8.96292077754449,0,0,63
6806.29,2,3,0,1,8.825749375743046,0,1,99
6513.32,11,5,1,0,8.781758109591209,0,0,95
9981.18,13,4,0,0,9.208556782325397,0,0,35
2242.97,18,1,0,0,7.716001897569264,0,0,31
4856.27,0,5,1,1,8.488231830670976,0,1,30
50597.18,7,0,0,0,10.831670886249233,1,0,14
15807.82,3,3,0,1,9.668323291111955,1,1,32
10746.41,11,3,0,0,9.2824200742949,1,0,61
649.66,15,1,0,0,6.477987232350799,0,0,87
7939.13,4,5,1,1,8.979684926903118,0,1,35
8211.38,14,1,0,0,9.013398050813965,0,0,59
314643.69,7,1,0,0,12.65919931291883,1,0,38
16631.59,23,3,0,1,9.719119302694143,1,0,52
6477.03,9,1,0,0,8.77617173077952,0,0,52
14743.29,10,2,0,0,9.598611168174132,1,0,90
3701.44,5,1,0,1,8.216747340743936,0,1,37
3592.26,15,1,0,0,8.186815147423363,0,0,98
20337.83,2,3,0,1,9.920287145824197,1,1,85
32696.29,7,2,0,0,10.395047478833316,1,0,66
1365.74,12,5,1,0,7.220183621121307,0,0,81
5080.83,13,1,0,0,8.53342671192351,0,0,71
2781.96,14,0,0,0,7.9312703884437985,0,0,33
2335.68,23,2,0,1,7.756486397478341,0,0,34
2.0,3,1,0,1,1.0986122886681098,0,1,98
11324.22,21,5,1,0,9.334787376211116,1,0,10
11470.0,6,4,0,0,9.347577390281268,1,0,85
9910.47,11,1,0,0,9.201447951338618,0,0,1
33017.32,4,1,0,1,10.404817837924174,1,1,0
9621.84,19,5,1,0,9.171894718386625,0,0,96
20912.81,23,2,0,1,9.948164985293703,1,0,60
20459.27,23,6,1,1,9.926240235899483,1,0,43
10157.42,16,0,0,0,9.226058197228234,1,0,88
11048.55,1,4,0,1,9.310144982134755,1,1,44
2251.49,7,3,0,0,7.719791549960984,0,0,70
1792.47,10,0,0,0,7.491907569762463,0,0,17
5.0,21,6,1,0,1.791759469228055,0,0,11
16736.05,3,5,1,1,9.725380103902376,1,1,52
7952.34,3,0,0,1,8.981347245206413,0,1,24
5829.54,13,5,1,0,8.670864899411942,0,0,62
10298.29,10,4,0,0,9.23983023980297,1,0,5
21280.5,17,4,0,0,9.965593429693172,1,0,62
6030.87,2,1,0,1,8.704812357731413,0,1,93
5.0,22,5,1,0,1.791759469228055,0,0,55
4286.31,10,5,1,0,8.363414775623458,0,0,31
10.0,14,0,0,0,2.3978952727983707,0,0,79
3203.92,22,4,0,0,8.0724424080448,0,0,23
3190.83,16,1,0,0,8.06834969900607,0,0,55
24722.9,2,1,0,1,10.115525666118016,1,1,60
1714.34,23,5,1,1,7.447366590679825,0,0,66
10960.98,6,6,1,0,9.302188201119813,1,0,48
12657.52,4,0,0,1,9.446085785230913,1,1,31
2531.83,8,5,1,0,7.837092533655464,0,0,2
3529.68,8,1,0,0,8.169245765936594,0,0,62
51474.66,17,0,0,0,10.848864353571928,1,0,24
5023.39,7,1,0,0,8.52205933252372,0,0,23
2663.9,0,0,0,1,7.887921812443765,0,1,34
26252.82,13,5,1,0,10.17556678124173,1,0,4
27572.45,15,0,0,0,10.224608632206394,1,0,69
4133.08,15,4,0,0,8.327020091771937,0,0,43
2506.34,1,2,0,1,7.82697770922596,0,1,57
11795.12,19,0,0,0,9.375525942823403,1,0,29
11618.19,22,1,0,0,9.360413320575196,1,0,45
1690.44,12,1,0,0,7.433335516116613,0,0,51
18157.77,12,2,0,0,9.806908918583884,1,0,32
5635.05,5,4,0,1,8.636938744519318,0,1,14
4838.89,18,6,1,0,8.484647272179682,0,0,92
3557.64,16,3,0,0,8.177133728384993,0,0,36
9332.97,13,3,0,0,9.141415712448456,0,0,82
5736.24,18,5,1,0,8.654733537437865,0,0,29
2109.34,1,3,0,1,7.6546043509296275,0,1,40
10797.24,22,2,0,0,9.287138436869443,1,0,37
11165.45,13,3,0,0,9.320669025971734,1,0,0
23181.56,19,6,1,0,10.051155550830204,1,0,1
1553.93,21,1,0,0,7.34918580752291,0,0,58
5155.49,10,5,1,0,8.548011394454331,0,0,39
2832.12,10,3,0,0,7.949133856857907,0,0,98
1940.03,12,0,0,0,7.5709740390001095,0,0,91
4883.84,4,5,1,1,8.493891810613972,0,1,28
11978.62,3,0,0,1,9.390962151633811,1,1,44
40441.62,2,2,0,1,10.607639458375067,1,1,82
2824.97,22,6,1,0,7.946606947476873,0,0,38
6374.52,21,2,0,0,8.760220935327538,0,0,86
3344.78,22,5,1,0,8.115455129235702,0,0,92
5841.74,3,0,0,1,8.672955143874843,0,1,15
17273.39,22,2,0,0,9.756980336869146,1,0,6
47143.93,4,2,0,1,10.760981753117681,1,1,53
2696.43,14,6,1,0,7.900054746841923,0,0,52
1.0,17,5,1,0,0.6931471805599453,0,0,21
2685.62,21,2,0,0,7.896039176954662,0,0,45
7898.79,8,1,0,0,8.974591455823317,0,0,26
2490.38,4,5,1,1,7.820592052804775,0,1,28
1612.02,19,6,1,0,7.385863477304383,0,0,65
2067.77,17,4,0,0,7.634709506752357,0,0,7
6304.41,18,6,1,0,8.749163274040557,0,0,85
6826.59,8,2,0,0,8.828727035245599,0,0,88
43543.42,19,6,1,0,10.68153684548365,1,0,14
49857.97,16,2,0,0,10.816953699022216,1,0,17
2867.78,16,6,1,0,7.961642131270516,0,0,46
5530.54,9,1,0,0,8.618221536760398,0,0,92
6426.24,22,6,1,0,8.768300487135564,0,0,32
3651.96,21,6,1,0,8.203293076831143,0,0,14
60507.0,10,2,0,0,11.01053086668209,1,0,42
14517.0,13,0,0,0,9.583144537844786,1,0,40
2206.45,3,1,0,1,7.699593282164973,0,1,85
2670.11,20,3,0,0,7.890249395339461,0,0,20
443.49,7,6,1,0,6.096927557513042,0,0,49
10771.55,6,1,0,0,9.284756510927354,1,0,91
8495.61,13,1,0,0,9.04742253939774,0,0,61
1418.77,9,0,0,0,7.2582501656454665,0,0,69
39964.14,22,5,1,0,10.595762853119165,1,0,28
30632.08,10,0,0,0,10.329835749782932,1,0,15
4193.68,18,1,0,0,8.341572334704495,0,0,73
10119.74,12,3,0,0,9.222342062697779,1,0,37
2913.57,1,5,1,1,7.977477575039006,0,1,74
10799.37,7,5,1,0,9.287335671784735,1,0,31
7996.44,20,2,0,0,8.986876769451047,0,0,70
22070.27,1,3,0,1,10.002032041772797,1,1,81
16745.85,11,6,1,0,9.725965459866277,1,0,28
2140.15,14,0,0,0,7.6690983468548355,0,0,39
1528.35,18,0,0,0,7.332598087516538,0,0,87
7554.39,2,0,0,1,8.930016494817252,0,1,25
9925.01,18,0,0,0,9.202913863602047,0,0,1
2255.23,22,3,0,0,7.7214505577759756,0,0,10
5793.29,0,1,0,1,8.664628228854449,0,1,49
23311.8,22,4,0,0,10.05675784493608,1,0,62
8024.8,5,1,0,1,8.990416631503171,0,1,74
8640.09,8,5,1,0,9.064284011248333,0,0,87
1410.93,8,6,1,0,7.252712841753482,0,0,35
1333.27,3,2,0,1,7.196139604796294,0,1,24
12474.0,21,2,0,0,9.431481920619719,1,0,73
15980.83,0,0,0,1,9.679207730911248,1,1,14
9683.23,19,4,0,0,9.178254068292226,0,0,49
2915.29,8,4,0,0,7.978067539486751,0,0,90
21469.08,5,2,0,1,9.974415616995367,1,1,6
32877.74,1,4,0,1,10.400581527267958,1,1,72
14194.4,6,5,1,0,9.560673247446298,1,0,42
11599.82,5,6,1,1,9.358831064251232,1,1,79
9471.71,7,6,1,0,9.156170312084864,0,0,51
14861.62,4,6,1,1,9.606604614978217,1,1,90
10.0,22,2,0,0,2.3978952727983707,0,0,51
5089.54,6,5,1,0,8.535139194290664,0,0,82
3295.43,8,2,0,0,8.100595343685093,0,0,37
19336.87,21,6,1,0,9.869820628505641,1,0,79
3748.59,0,0,0,1,8.229401779653799,0,1,0
2518.74,20,3,0,0,7.831911000579429,0,0,99
21662.8,6,1,0,0,9.983397943763922,1,0,41
41485.26,23,5,1,1,10.633117567060921,1,0,23
5969.63,23,4,0,1,8.69460772845719,0,0,85
7050.33,19,3,0,0,8.860971530495942,0,0,90
34681.73,10,6,1,0,10.453997147519427,1,0,20
2536.06,4,0,0,1,7.838761209299917,0,1,61
4628.87,0,2,0,1,8.440284068932312,0,1,14
3835.52,0,2,0,1,8.252320984688975,0,1,23
2553.97,2,0,0,1,7.845795760885896,0,1,11
8165.56,11,5,1,0,9.00780304655492,0,0,14
30167.92,8,6,1,0,10.314567534362887,1,0,64
7852.57,20,3,0,0,8.968723484466768,0,0,4
10426.99,15,6,1,0,9.252248816096277,1,0,1
3649.88,23,2,0,1,8.202723513408005,0,0,30
3469.48,23,4,0,1,8.152048191904655,0,0,31
4692.24,8,3,0,0,8.45387845448255,0,0,6
1262.67,18,1,0,0,7.141775464671177,0,0,47
17408.72,12,1,0,0,9.76478394992182,1,0,79
9993.25,23,0,0,1,9.209765206600286,0,0,67
12066.93,13,2,0,0,9.398306799798092,1,0,11
1678.01,17,2,0,0,7.425959612985951,0,0,59
10.0,6,0,0,0,2.3978952727983707,0,0,16
5753.63,15,5,1,0,8.657760027169099,0,0,82
19537.57,20,4,0,0,9.880145739704831,1,0,53
28429.34,2,1,0,1,10.255212163771565,1,1,43
1445.98,21,4,0,0,7.277233904835894,0,0,15
21735.19,8,6,1,0,9.98673389232672,1,0,74
7742.6,14,3,0,0,8.954621974729795,0,0,75
2708.19,8,4,0,0,7.904404976207404,0,0,98
3175.63,8,2,0,0,8.063576165416146,0,0,73
2806.32,10,2,0,0,7.939985570576799,0,0,45
5767.9,7,6,1,0,8.66023670007996,0,0,33
9304.65,7,5,1,0,9.138377021553321,0,0,92
5434.98,15,0,0,0,8.600795096088401,0,0,6
2228.21,0,1,0,1,7.709402541599549,0,1,34
5.0,5,6,1,1,1.791759469228055,0,1,61
4318.74,3,2,0,1,8.37095049424177,0,1,61
8814.59,5,6,1,1,9.084277023959155,0,1,4
4405.47,14,1,0,0,8.390829194392179,0,0,53
1046.6,8,5,1,0,6.954257112633557,0,0,13
3381.73,16,3,0,0,8.126438354776855,0,0,89
14341.36,4,1,0,1,9.570972675229152,1,1,6
16942.05,8,4,0,0,9.737612999224991,1,0,48
3656.92,17,4,0,0,8.204649958837413,0,0,50
2067.07,23,0,0,1,7.6343710841850445,0,0,89
506.07,12,4,0,0,6.228649061121947,0,0,18
23222.21,5,3,0,1,10.052907488591272,1,1,56
31089.5,4,1,0,1,10.344657585265068,1,1,65
38634.05,18,4,0,0,10.56191517453017,1,0,42
11376.14,3,5,1,1,9.339361357992702,1,1,73
21487.15,14,1,0,0,9.975256899379012,1,0,7
12800.78,18,2,0,0,9.457339502739416,1,0,13
66538.98,13,1,0,0,11.105558249001337,1,0,84
2173.19,5,2,0,1,7.684411460366443,0,1,60
10.0,19,4,0,0,2.3978952727983707,0,0,66
30628.32,18,2,0,0,10.329712999123318,1,0,65
3580.55,23,6,1,1,8.183550946588078,0,0,7
3012.65,18,3,0,0,8.010907247692279,0,0,6
18073.65,23,0,0,1,9.802265683077383,1,0,47
5998.9,4,2,0,1,8.699498081404634,0,1,88
19598.84,3,6,1,1,9.883276681919982,1,1,74
2853.83,10,5,1,0,7.9567675756587635,0,0,69
10.0,13,5,1,0,2.3978952727983707,0,0,89
17917.4,17,6,1,0,9.79358339682843,1,0,28
2461.27,2,3,0,1,7.808838967668869,0,1,53
14150.52,14,5,1,0,9.557577317796914,1,0,74
30992.02,13,2,0,0,10.341517296824351,1,0,40
32596.22,21,5,1,0,10.391982287644968,1,0,96
4660.08,4,6,1,1,8.447002459924223,0,1,14
9142.57,17,0,0,0,9.120806178997091,0,0,44
34139.17,4,3,0,1,10.438229975832225,1,1,41
5616.31,5,3,0,1,8.633608180612534,0,1,38
19757.6,2,6,1,1,9.891344118589435,1,1,95
5170.14,1,4,0,1,8.550848446096637,0,1,39
57949.86,9,3,0,0,10.967350689037419,1,0,78
16712.98,11,6,1,0,9.724000773959014,1,0,66
7816.0,14,6,1,0,8.96405612822033,0,0,74
2614.93,19,5,1,0,7.869374953809291,0,0,97
13541.31,3,3,0,1,9.513574137527781,1,1,38
56884.88,1,1,0,1,10.948802434661667,1,1,83
15792.62,20,4,0,0,9.667361339998553,1,0,1
1083.29,19,6,1,0,6.988680673895721,0,0,53
2770.1,8,3,0,0,7.926999632266674,0,0,4
10.0,4,5,1,1,2.3978952727983707,0,1,4
2.0,1,2,0,1,1.0986122886681098,0,1,86
11572.51,14,4,0,0,9.356474144966628,1,0,59
45098.44,14,3,0,0,10.716625108562239,1,0,18
4856.78,22,3,0,0,8.488336822410693,0,0,89
16978.69,17,3,0,0,9.739773202926008,1,0,75
24828.93,7,5,1,0,10.11980505932788,1,0,7
13393.63,13,6,1,0,9.5026091593501,1,0,55
6971.99,23,1,0,1,8.849799393117014,0,0,65
37427.64,4,1,0,1,10.530191465747311,1,1,86
8468.02,8,2,0,0,9.044170078472714,0,0,21
7876.59,16,3,0,0,8.971777298510627,0,0,81
5372.57,15,3,0,0,8.589247771087583,0,0,87
20266.72,23,4,0,1,9.916784751619774,1,0,15
2117.65,8,6,1,0,7.658534372374799,0,0,85
21853.19,14,3,0,0,9.992147944153482,1,0,32
6451.8,23,1,0,1,8.772269424119104,0,0,81
2894.17,16,2,0,0,7.9707991102174,0,0,93
9745.91,14,1,0,0,9.184705590684239,0,0,59
2653.33,15,0,0,0,7.883947547780434,0,0,75
22234.78,16,3,0,0,10.009457982158612,1,0,55
4335.3,5,3,0,1,8.374776728917972,0,1,40
2.0,5,6,1,1,1.0986122886681098,0,1,61
18797.57,13,2,0,0,9.841536082095253,1,0,59
3544.82,6,0,0,0,8.173524723924428,0,0,24
1314.02,21,2,0,0,7.181607153621683,0,0,45
4115.91,9,6,1,0,8.322858160952867,0,0,47
1066.26,16,6,1,0,6.9728498954700235,0,0,61
2931.72,22,1,0,0,7.983685599026545,0,0,97
2655.18,10,1,0,0,7.884644279384306,0,0,59
11991.76,1,1,0,1,9.392058413358008,1,1,45
30565.21,0,6,1,1,10.327650429443032,1,1,47
3098.88,1,5,1,1,8.03911868004658,0,1,45
8484.95,14,2,0,0,9.046167133687405,0,0,86
6353.79,15,0,0,0,8.756964138230984,0,0,5
5453.78,18,3,0,0,8.604247567481394,0,0,78
7999.84,15,0,0,0,8.98730181514986,0,0,46
701.42,3,3,0,1,6.554531515719636,0,1,15
11643.34,1,3,0,1,9.362575504026985,1,1,6
1012.6,0,3,0,1,6.921263629006929,0,1,8
36550.13,1,5,1,1,10.506467381252685,1,1,93
5141.36,8,4,0,0,8.545267397043744,0,0,33
9809.29,10,2,0,0,9.191187113794236,0,0,6
2223.82,14,3,0,0,7.707431292451446,0,0,44
18266.14,1,2,0,1,9.812859096341036,1,1,58
19363.03,7,1,0,0,9.871172500325065,1,0,38
23400.18,10,6,1,0,10.060541727424804,1,0,65
6285.12,12,3,0,0,8.746099307216662,0,0,80
2.0,11,6,1,0,1.0986122886681098,0,0,45
3543.54,16,4,0,0,8.173163670320971,0,0,86
3465.39,2,3,0,1,8.150868985584243,0,1,17
3013.83,0,2,0,1,8.011298722828654,0,1,63
3888.39,16,3,0,0,8.26600761197682,0,0,79
8050.74,18,3,0,0,8.993643496124088,0,0,77
3852.8,3,2,0,1,8.256814953491801,0,1,39
26072.2,22,4,0,0,10.168663245846679,1,0,28
4116.67,21,4,0,0,8.323042748388332,0,0,51
3977.93,18,5,1,0,8.288768217912292,0,0,39
1302.6,23,0,0,1,7.172884946963406,0,0,39
2420.97,11,1,0,0,7.792336537578851,0,0,52
28882.69,23,0,0,1,10.271032354927963,1,0,40
8803.45,23,2,0,1,9.083012554470516,0,0,62
4879.01,0,0,0,1,8.492902548025421,0,1,25
4789.34,19,2,0,0,8.47435666909677,0,0,11
15043.26,18,4,0,0,9.61875180207848,1,0,76
4051.8,21,2,0,0,8.30716327924741,0,0,25
5422.82,14,6,1,0,8.598555643228861,0,0,79
2420.0,2,5,1,1,7.791935956938058,0,1,61
16407.2,0,1,0,1,9.70553648885394,1,1,19
12648.78,15,1,0,0,9.445395102700088,1,0,65
5602.49,8,1,0,0,8.631144896891579,0,0,65
5488.77,10,5,1,0,8.610641639272613,0,0,5
26329.33,7,6,1,0,10.17847678564387,1,0,4
3579.65,16,4,0,0,8.183299627159764,0,0,82
1674.12,1,3,0,1,7.423640083484061,0,1,26
1948.81,22,0,0,0,7.575487210913171,0,0,7
5123.24,20,0,0,0,8.541737500327235,0,0,79
7905.09,14,2,0,0,8.975388627551007,0,0,13
38826.74,5,2,0,1,10.566890218611078,1,1,77
1376.98,10,1,0,0,7.228373937680179,0,0,72
1079.17,15,1,0,0,6.984873715138427,0,0,41
4430.47,23,0,0,1,8.396486636438738,0,0,65
1.0,18,2,0,0,0.6931471805599453,0,0,70
49215.78,4,0,0,1,10.80398990124428,1,1,98
3245.48,1,1,0,1,8.085326611449048,0,1,32
14336.79,6,1,0,0,9.570653987911362,1,0,30
1709.11,14,4,0,0,7.444312974913162,0,0,82
3213.41,15,3,0,0,8.075399105056329,0,0,31
6475.72,21,0,0,0,8.775969488358097,0,0,91
34306.65,12,3,0,0,10.443123640356047,1,0,86
24243.83,22,4,0,0,10.095958677759869,1,0,86
8542.53,8,6,1,0,9.05292955032361,0,0,58
7666.42,1,0,0,1,8.94473546228546,0,1,22
4810.9,12,4,0,0,8.478847295498749,0,0,40
2099.73,6,3,0,0,7.650040182353631,0,0,97
16760.4,1,2,0,1,9.726833902767023,1,1,25
10350.91,1,4,0,1,9.24492632273071,1,1,11
9993.88,16,5,1,0,9.209828240859427,0,0,84
1497.53,13,6,1,0,7.31223990657634,0,0,11
18964.32,1,5,1,1,9.8503673271681,1,1,17
2437.22,6,0,0,0,7.79902354386994,0,0,98
9345.31,12,6,1,0,9.14273689198056,0,0,55
2826.84,1,6,1,1,7.947268448329639,0,1,57
23183.48,11,6,1,0,10.051238368279888,1,0,45
28308.5,21,6,1,0,10.250952716346303,1,0,39
12737.2,22,1,0,0,9.45236063186002,1,0,94
16876.16,12,0,0,0,9.73371650754943,1,0,86
5867.51,13,4,0,0,8.677356047551678,0,0,92
2.0,16,5,1,0,1.0986122886681098,0,0,50
5857.17,23,5,1,1,8.675592547109996,0,0,7
10.0,18,1,0,0,2.3978952727983707,0,0,85
65150.52,4,0,0,1,11.084470913055966,1,1,11
11470.51,0,6,1,1,9.347621849235418,1,1,58
16609.28,16,6,1,0,9.717777059780127,1,0,92
5228.5,8,0,0,0,8.562070950194324,0,0,65
10594.27,6,0,0,0,9.26816295409643,1,0,51
3886.26,7,3,0,0,8.265459818247319,0,0,87
32062.75,8,0,0,0,10.375481387507953,1,0,81
11339.57,21,2,0,0,9.336141840568787,1,0,42
78707.9,19,1,0,0,11.27351151568628,1,0,67
16993.81,5,5,1,1,9.74066328230897,1,1,8
5853.43,16,3,0,0,8.674953918602728,0,0,26
3829.88,0,4,0,1,8.250849820795809,0,1,57
4188.05,11,6,1,0,8.340229256898718,0,0,40
4064.84,1,3,0,1,8.310375642700802,0,1,89
313.67,12,6,1,0,5.751524470641622,0,0,97
10.0,17,5,1,0,2.3978952727983707,0,0,39
44657.23,21,4,0,0,10.706793891827738,1,0,26
2196.13,19,4,0,0,7.6949072422316735,0,0,80
7296.18,9,4,0,0,8.895243251133024,0,0,81
5252.2,22,6,1,0,8.566592693711005,0,0,11
6023.0,0,0,0,1,8.703506769479729,0,1,43
3790.74,17,5,1,0,8.240580295623355,0,0,73
23034.12,4,0,0,1,10.044775286820308,1,1,81
10.0,1,3,0,1,2.3978952727983707,0,1,23
12595.47,10,3,0,0,9.441171894957622,1,0,70
11931.82,12,1,0,0,9.387047866035658,1,0,66
23991.39,3,2,0,1,10.0854919757152,1,1,85
11687.57,21,1,0,0,9.366366720208562,1,0,90
846.84,12,2,0,0,6.742691938744452,0,0,88
3070.27,11,2,0,0,8.029846435820698,0,0,90
7390.94,7,0,0,0,8.908145496405462,0,0,64
6937.83,8,3,0,0,8.844888451392059,0,0,86
2901.36,6,1,0,0,7.973279478127944,0,0,86
6490.31,7,1,0,0,8.778219638327826,0,0,39
4970.28,0,2,0,1,8.511432631203213,0,1,18
22362.68,7,6,1,0,10.015193493333738,1,0,42
2060.08,9,0,0,0,7.630985396245818,0,0,97
2358.62,18,1,0,0,7.766255868105882,0,0,17
10349.29,3,3,0,1,9.244769817624652,1,1,89
9176.35,5,2,0,1,9.124493770917072,0,1,70
16281.03,18,2,0,0,9.697817324657715,1,0,18
